{"cameraMode":{"drawMode":0,"name":"Shaded","section":"Shading Mode"},"sceneLighting":true,"audioPlay":false,"sceneViewState":{"showFog":true,"showMaterialUpdate":false,"showSkybox":true,"showFlares":true,"showImageEffects":true,"showParticleSystems":true,"showVisualEffectGraphs":true,"m_FxEnabled":true},"in2DMode":false,"pivot":{"x":2.577180862426758,"y":-3.489792823791504,"z":13.551403045654297},"rotation":{"x":0.14232288300991059,"y":0.00030468401382677257,"z":-0.00005677750232280232,"w":0.9898044466972351},"size":10.304184913635254,"orthographic":false}