{"cameraMode":{"drawMode":0,"name":"Shaded","section":"Shading Mode"},"sceneLighting":false,"audioPlay":false,"sceneViewState":{"showFog":true,"showMaterialUpdate":false,"showSkybox":false,"showFlares":true,"showImageEffects":true,"showParticleSystems":true,"showVisualEffectGraphs":true,"m_FxEnabled":true},"in2DMode":false,"pivot":{"x":1.755947470664978,"y":0.45408177375793459,"z":0.09839630126953125},"rotation":{"x":0.14232288300991059,"y":0.00030468401382677257,"z":-0.00005677750232280232,"w":0.9898044466972351},"size":3.6376311779022219,"orthographic":false}