{"cameraMode":{"drawMode":0,"name":"Shaded","section":"Shading Mode"},"sceneLighting":false,"audioPlay":false,"sceneViewState":{"showFog":true,"showMaterialUpdate":false,"showSkybox":false,"showFlares":true,"showImageEffects":true,"showParticleSystems":true,"showVisualEffectGraphs":true,"m_FxEnabled":true},"in2DMode":false,"pivot":{"x":0.0790674239397049,"y":-0.7438199520111084,"z":-0.4520811438560486},"rotation":{"x":0.13020378351211549,"y":-0.05914610996842384,"z":0.00776821281760931,"w":0.9896753430366516},"size":3.0314366817474367,"orthographic":false}