{"cameraMode":{"drawMode":0,"name":"Shaded","section":"Shading Mode"},"sceneLighting":false,"audioPlay":false,"sceneViewState":{"showFog":true,"showMaterialUpdate":false,"showSkybox":false,"showFlares":true,"showImageEffects":true,"showParticleSystems":true,"showVisualEffectGraphs":true,"m_FxEnabled":true},"in2DMode":false,"pivot":{"x":0.08264581859111786,"y":-0.09747278690338135,"z":-0.277401328086853},"rotation":{"x":0.13020378351211549,"y":-0.05914610996842384,"z":0.00776821281760931,"w":0.9896753430366516},"size":0.9430126547813416,"orthographic":false}